date,Team_1,Team_2,Winner,Margin,Ground
08-Jan-15,Afghanistan,Scotland,Afghanistan,8 wickets,ICCA Dubai
10-Jan-15,Afghanistan,Ireland,Ireland,3 wickets,Dubai (DSC)
11-Jan-15,New Zealand,Sri Lanka,New Zealand,3 wickets,Christchurch
12-Jan-15,Ireland,Scotland,Ireland,3 wickets,Dubai (DSC)
14-Jan-15,Afghanistan,Scotland,Scotland,150 runs,Abu Dhabi
15-Jan-15,New Zealand,Sri Lanka,Sri Lanka,6 wickets,Hamilton
16-Jan-15,Australia,England,Australia,3 wickets,Sydney
16-Jan-15,South Africa,West Indies,South Africa,61 runs,Durban
17-Jan-15,New Zealand,Sri Lanka,no result,,Auckland
17-Jan-15,Afghanistan,Ireland,Afghanistan,71 runs,Dubai (DSC)
18-Jan-15,Australia,India,Australia,4 wickets,Melbourne
18-Jan-15,South Africa,West Indies,South Africa,148 runs,Johannesburg
19-Jan-15,Ireland,Scotland,no result,,ICCA Dubai
20-Jan-15,New Zealand,Sri Lanka,New Zealand,4 wickets,Nelson
20-Jan-15,England,India,England,9 wickets,Brisbane
21-Jan-15,South Africa,West Indies,South Africa,9 wickets,East London
23-Jan-15,New Zealand,Sri Lanka,New Zealand,108 runs,Dunedin
23-Jan-15,Australia,England,Australia,3 wickets,Hobart
25-Jan-15,New Zealand,Sri Lanka,New Zealand,120 runs,Dunedin
25-Jan-15,South Africa,West Indies,West Indies,1 wicket,Gqeberha
26-Jan-15,Australia,India,no result,,Sydney
28-Jan-15,South Africa,West Indies,South Africa,131 runs,Centurion
29-Jan-15,New Zealand,Sri Lanka,Sri Lanka,34 runs,Wellington
30-Jan-15,England,India,England,3 wickets,Perth
31-Jan-15,New Zealand,Pakistan,New Zealand,7 wickets,Wellington
01-Feb-15,Australia,England,Australia,112 runs,Perth
03-Feb-15,New Zealand,Pakistan,New Zealand,119 runs,Napier
14-Feb-15,New Zealand,Sri Lanka,New Zealand,98 runs,Christchurch
14-Feb-15,Australia,England,Australia,111 runs,Melbourne
15-Feb-15,South Africa,Zimbabwe,South Africa,62 runs,Hamilton
15-Feb-15,India,Pakistan,India,76 runs,Adelaide
16-Feb-15,Ireland,West Indies,Ireland,4 wickets,Nelson
17-Feb-15,New Zealand,Scotland,New Zealand,3 wickets,Dunedin
18-Feb-15,Afghanistan,Bangladesh,Bangladesh,105 runs,Canberra
19-Feb-15,U.A.E.,Zimbabwe,Zimbabwe,4 wickets,Nelson
20-Feb-15,New Zealand,England,New Zealand,8 wickets,Wellington
21-Feb-15,Pakistan,West Indies,West Indies,150 runs,Christchurch
22-Feb-15,Afghanistan,Sri Lanka,Sri Lanka,4 wickets,Dunedin
22-Feb-15,India,South Africa,India,130 runs,Melbourne
23-Feb-15,England,Scotland,England,119 runs,Christchurch
24-Feb-15,West Indies,Zimbabwe,West Indies,73 runs,Canberra
25-Feb-15,Ireland,U.A.E.,Ireland,2 wickets,Brisbane
26-Feb-15,Afghanistan,Scotland,Afghanistan,1 wicket,Dunedin
26-Feb-15,Bangladesh,Sri Lanka,Sri Lanka,92 runs,Melbourne
27-Feb-15,South Africa,West Indies,South Africa,257 runs,Sydney
28-Feb-15,New Zealand,Australia,New Zealand,1 wicket,Auckland
28-Feb-15,India,U.A.E.,India,9 wickets,Perth
01-Mar-15,England,Sri Lanka,Sri Lanka,9 wickets,Wellington
01-Mar-15,Pakistan,Zimbabwe,Pakistan,20 runs,Brisbane
03-Mar-15,Ireland,South Africa,South Africa,201 runs,Canberra
04-Mar-15,Pakistan,U.A.E.,Pakistan,129 runs,Napier
04-Mar-15,Australia,Afghanistan,Australia,275 runs,Perth
05-Mar-15,Bangladesh,Scotland,Bangladesh,6 wickets,Nelson
06-Mar-15,India,West Indies,India,4 wickets,Perth
07-Mar-15,Pakistan,South Africa,Pakistan,29 runs,Auckland
07-Mar-15,Ireland,Zimbabwe,Ireland,5 runs,Hobart
08-Mar-15,New Zealand,Afghanistan,New Zealand,6 wickets,Napier
08-Mar-15,Australia,Sri Lanka,Australia,64 runs,Sydney
09-Mar-15,Bangladesh,England,Bangladesh,15 runs,Adelaide
10-Mar-15,India,Ireland,India,8 wickets,Hamilton
11-Mar-15,Scotland,Sri Lanka,Sri Lanka,148 runs,Hobart
12-Mar-15,South Africa,U.A.E.,South Africa,146 runs,Wellington
13-Mar-15,New Zealand,Bangladesh,New Zealand,3 wickets,Hamilton
13-Mar-15,Afghanistan,England,England,9 wickets,Sydney
14-Mar-15,India,Zimbabwe,India,6 wickets,Auckland
14-Mar-15,Australia,Scotland,Australia,7 wickets,Hobart
15-Mar-15,U.A.E.,West Indies,West Indies,6 wickets,Napier
15-Mar-15,Ireland,Pakistan,Pakistan,7 wickets,Adelaide
18-Mar-15,South Africa,Sri Lanka,South Africa,9 wickets,Sydney
19-Mar-15,Bangladesh,India,India,109 runs,Melbourne
20-Mar-15,Australia,Pakistan,Australia,6 wickets,Adelaide
21-Mar-15,New Zealand,West Indies,New Zealand,143 runs,Wellington
24-Mar-15,New Zealand,South Africa,New Zealand,4 wickets,Auckland
26-Mar-15,Australia,India,Australia,95 runs,Sydney
29-Mar-15,Australia,New Zealand,Australia,7 wickets,Melbourne
17-Apr-15,Bangladesh,Pakistan,Bangladesh,79 runs,Mirpur
19-Apr-15,Bangladesh,Pakistan,Bangladesh,7 wickets,Mirpur
22-Apr-15,Bangladesh,Pakistan,Bangladesh,8 wickets,Mirpur
08-May-15,Ireland,England,no result,,Dublin (Malahide)
26-May-15,Pakistan,Zimbabwe,Pakistan,41 runs,Lahore
29-May-15,Pakistan,Zimbabwe,Pakistan,6 wickets,Lahore
31-May-15,Pakistan,Zimbabwe,no result,,Lahore
09-Jun-15,England,New Zealand,England,210 runs,Birmingham
12-Jun-15,England,New Zealand,New Zealand,13 runs,The Oval
14-Jun-15,England,New Zealand,New Zealand,3 wickets,Southampton
17-Jun-15,England,New Zealand,England,7 wickets,Nottingham
18-Jun-15,Bangladesh,India,Bangladesh,79 runs,Mirpur
20-Jun-15,England,New Zealand,England,3 wickets,Chester-le-Street
21-Jun-15,Bangladesh,India,Bangladesh,6 wickets,Mirpur
24-Jun-15,Bangladesh,India,India,77 runs,Mirpur
10-Jul-15,Zimbabwe,India,India,4 runs,Harare
10-Jul-15,Bangladesh,South Africa,South Africa,8 wickets,Mirpur
11-Jul-15,Sri Lanka,Pakistan,Pakistan,6 wickets,Dambulla
12-Jul-15,Zimbabwe,India,India,62 runs,Harare
12-Jul-15,Bangladesh,South Africa,Bangladesh,7 wickets,Mirpur
14-Jul-15,Zimbabwe,India,India,83 runs,Harare
15-Jul-15,Bangladesh,South Africa,Bangladesh,9 wickets,Chattogram
15-Jul-15,Sri Lanka,Pakistan,Sri Lanka,2 wickets,Pallekele
19-Jul-15,Sri Lanka,Pakistan,Pakistan,135 runs,Colombo (RPS)
22-Jul-15,Sri Lanka,Pakistan,Pakistan,7 wickets,Colombo (RPS)
26-Jul-15,Sri Lanka,Pakistan,Sri Lanka,165 runs,Hambantota
02-Aug-15,Zimbabwe,New Zealand,Zimbabwe,7 wickets,Harare
04-Aug-15,Zimbabwe,New Zealand,New Zealand,10 wickets,Harare
07-Aug-15,Zimbabwe,New Zealand,New Zealand,38 runs,Harare
19-Aug-15,South Africa,New Zealand,South Africa,20 runs,Centurion
23-Aug-15,South Africa,New Zealand,New Zealand,8 wickets,Potchefstroom
26-Aug-15,South Africa,New Zealand,South Africa,62 runs,Durban
27-Aug-15,Ireland,Australia,Australia,23 runs,Belfast
03-Sep-15,England,Australia,Australia,59 runs,Southampton
05-Sep-15,England,Australia,Australia,64 runs,Lord's
08-Sep-15,England,Australia,England,93 runs,Manchester
11-Sep-15,England,Australia,England,3 wickets,Leeds
13-Sep-15,England,Australia,Australia,8 wickets,Manchester
01-Oct-15,Zimbabwe,Pakistan,Pakistan,131 runs,Harare
03-Oct-15,Zimbabwe,Pakistan,Zimbabwe,5 runs,Harare
05-Oct-15,Zimbabwe,Pakistan,Pakistan,7 wickets,Harare
09-Oct-15,Zimbabwe,Ireland,Zimbabwe,2 wickets,Harare
11-Oct-15,India,South Africa,South Africa,5 runs,Kanpur
11-Oct-15,Zimbabwe,Ireland,Zimbabwe,5 wickets,Harare
13-Oct-15,Zimbabwe,Ireland,Ireland,2 wickets,Harare
14-Oct-15,India,South Africa,India,22 runs,Indore
16-Oct-15,Zimbabwe,Afghanistan,Zimbabwe,8 wickets,Bulawayo
18-Oct-15,Zimbabwe,Afghanistan,Afghanistan,58 runs,Bulawayo
18-Oct-15,India,South Africa,South Africa,18 runs,Rajkot
20-Oct-15,Zimbabwe,Afghanistan,Zimbabwe,6 wickets,Bulawayo
22-Oct-15,Zimbabwe,Afghanistan,Afghanistan,3 wickets,Bulawayo
22-Oct-15,India,South Africa,India,35 runs,Chennai
24-Oct-15,Zimbabwe,Afghanistan,Afghanistan,73 runs,Bulawayo
25-Oct-15,India,South Africa,South Africa,214 runs,Wankhede
01-Nov-15,Sri Lanka,West Indies,Sri Lanka,1 wicket,Colombo (RPS)
04-Nov-15,Sri Lanka,West Indies,Sri Lanka,8 wickets,Colombo (RPS)
07-Nov-15,Bangladesh,Zimbabwe,Bangladesh,145 runs,Mirpur
07-Nov-15,Sri Lanka,West Indies,Sri Lanka,19 runs,Pallekele
09-Nov-15,Bangladesh,Zimbabwe,Bangladesh,58 runs,Mirpur
11-Nov-15,Bangladesh,Zimbabwe,Bangladesh,61 runs,Mirpur
11-Nov-15,England,Pakistan,Pakistan,6 wickets,Abu Dhabi
13-Nov-15,England,Pakistan,England,95 runs,Abu Dhabi
16-Nov-15,U.A.E.,Hong Kong,Hong Kong,89 runs,ICCA Dubai
17-Nov-15,England,Pakistan,England,6 wickets,Sharjah
18-Nov-15,U.A.E.,Hong Kong,Hong Kong,136 runs,ICCA Dubai
20-Nov-15,England,Pakistan,England,84 runs,Dubai (DSC)
25-Dec-15,Afghanistan,Zimbabwe,Afghanistan,49 runs,Sharjah
26-Dec-15,New Zealand,Sri Lanka,New Zealand,7 wickets,Christchurch
28-Dec-15,New Zealand,Sri Lanka,New Zealand,10 wickets,Christchurch
29-Dec-15,Afghanistan,Zimbabwe,Afghanistan,4 wickets,Sharjah
31-Dec-15,New Zealand,Sri Lanka,Sri Lanka,8 wickets,Nelson
02-Jan-16,New Zealand,Sri Lanka,no result,,Nelson
02-Jan-16,Afghanistan,Zimbabwe,Zimbabwe,117 runs,Sharjah
04-Jan-16,Afghanistan,Zimbabwe,Zimbabwe,65 runs,Sharjah
05-Jan-16,New Zealand,Sri Lanka,New Zealand,36 runs,Mount Maunganui
06-Jan-16,Afghanistan,Zimbabwe,Afghanistan,2 wickets,Sharjah
12-Jan-16,Australia,India,Australia,5 wickets,Perth
15-Jan-16,Australia,India,Australia,7 wickets,Brisbane
17-Jan-16,Australia,India,Australia,3 wickets,Melbourne
20-Jan-16,Australia,India,Australia,25 runs,Canberra
23-Jan-16,Australia,India,India,6 wickets,Sydney
25-Jan-16,New Zealand,Pakistan,New Zealand,70 runs,Wellington
26-Jan-16,Hong Kong,Scotland,Hong Kong,109 runs,Mong Kok
31-Jan-16,New Zealand,Pakistan,New Zealand,3 wickets,Auckland
03-Feb-16,New Zealand,Australia,New Zealand,159 runs,Auckland
03-Feb-16,South Africa,England,England,39 runs,Bloemfontein
06-Feb-16,New Zealand,Australia,Australia,4 wickets,Wellington
06-Feb-16,South Africa,England,England,5 wickets,Gqeberha
08-Feb-16,New Zealand,Australia,New Zealand,55 runs,Hamilton
09-Feb-16,South Africa,England,South Africa,7 wickets,Centurion
12-Feb-16,South Africa,England,South Africa,1 wicket,Johannesburg
14-Feb-16,South Africa,England,South Africa,5 wickets,Cape Town
03-Jun-16,West Indies,South Africa,West Indies,4 wickets,Providence
05-Jun-16,West Indies,Australia,Australia,6 wickets,Providence
07-Jun-16,Australia,South Africa,South Africa,47 runs,Providence
11-Jun-16,Zimbabwe,India,India,9 wickets,Harare
11-Jun-16,Australia,South Africa,Australia,36 runs,Basseterre
13-Jun-16,Zimbabwe,India,India,8 wickets,Harare
13-Jun-16,West Indies,Australia,West Indies,4 wickets,Basseterre
15-Jun-16,Zimbabwe,India,India,10 wickets,Harare
15-Jun-16,West Indies,South Africa,South Africa,139 runs,Basseterre
16-Jun-16,Ireland,Sri Lanka,Sri Lanka,76 runs,Dublin (Malahide)
18-Jun-16,Ireland,Sri Lanka,Sri Lanka,136 runs,Dublin (Malahide)
19-Jun-16,Australia,South Africa,no result,,Bridgetown
21-Jun-16,England,Sri Lanka,tied,,Nottingham
21-Jun-16,West Indies,Australia,Australia,6 wickets,Bridgetown
24-Jun-16,England,Sri Lanka,England,10 wickets,Birmingham
24-Jun-16,West Indies,South Africa,West Indies,100 runs,Bridgetown
26-Jun-16,England,Sri Lanka,no result,,Bristol
26-Jun-16,West Indies,Australia,Australia,58 runs,Bridgetown
29-Jun-16,England,Sri Lanka,England,6 wickets,The Oval
02-Jul-16,England,Sri Lanka,England,122 runs,Cardiff
04-Jul-16,Scotland,Afghanistan,no result,,Edinburgh
06-Jul-16,Scotland,Afghanistan,Afghanistan,78 runs,Edinburgh
12-Jul-16,Ireland,Afghanistan,Afghanistan,39 runs,Belfast
14-Jul-16,Ireland,Afghanistan,Ireland,6 wickets,Belfast
17-Jul-16,Ireland,Afghanistan,Afghanistan,79 runs,Belfast
19-Jul-16,Ireland,Afghanistan,Ireland,12 runs,Belfast
14-Aug-16,Scotland,U.A.E.,Scotland,98 runs,Edinburgh
16-Aug-16,Scotland,U.A.E.,Scotland,7 wickets,Edinburgh
18-Aug-16,Ireland,Pakistan,Pakistan,255 runs,Dublin (Malahide)
21-Aug-16,Sri Lanka,Australia,Australia,3 wickets,Colombo (RPS)
24-Aug-16,Sri Lanka,Australia,Sri Lanka,82 runs,Colombo (RPS)
24-Aug-16,England,Pakistan,England,44 runs,Southampton
27-Aug-16,England,Pakistan,England,4 wickets,Lord's
28-Aug-16,Sri Lanka,Australia,Australia,2 wickets,Dambulla
30-Aug-16,England,Pakistan,England,169 runs,Nottingham
31-Aug-16,Sri Lanka,Australia,Australia,6 wickets,Dambulla
01-Sep-16,England,Pakistan,England,4 wickets,Leeds
04-Sep-16,Sri Lanka,Australia,Australia,5 wickets,Pallekele
04-Sep-16,England,Pakistan,Pakistan,4 wickets,Cardiff
08-Sep-16,Scotland,Hong Kong,no result,,Edinburgh
10-Sep-16,Scotland,Hong Kong,Scotland,53 runs,Edinburgh
25-Sep-16,South Africa,Ireland,South Africa,206 runs,Benoni
25-Sep-16,Bangladesh,Afghanistan,Bangladesh,7 runs,Mirpur
27-Sep-16,Australia,Ireland,Australia,9 wickets,Benoni
28-Sep-16,Bangladesh,Afghanistan,Afghanistan,2 wickets,Mirpur
30-Sep-16,Pakistan,West Indies,Pakistan,111 runs,Sharjah
30-Sep-16,South Africa,Australia,South Africa,6 wickets,Centurion
01-Oct-16,Bangladesh,Afghanistan,Bangladesh,141 runs,Mirpur
02-Oct-16,South Africa,Australia,South Africa,142 runs,Johannesburg
02-Oct-16,Pakistan,West Indies,Pakistan,59 runs,Sharjah
05-Oct-16,Pakistan,West Indies,Pakistan,136 runs,Abu Dhabi
05-Oct-16,South Africa,Australia,South Africa,4 wickets,Durban
07-Oct-16,Bangladesh,England,England,21 runs,Mirpur
09-Oct-16,South Africa,Australia,South Africa,6 wickets,Gqeberha
09-Oct-16,Bangladesh,England,Bangladesh,34 runs,Mirpur
12-Oct-16,Bangladesh,England,England,4 wickets,Chattogram
12-Oct-16,South Africa,Australia,South Africa,31 runs,Cape Town
16-Oct-16,India,New Zealand,India,6 wickets,Dharamsala
20-Oct-16,India,New Zealand,New Zealand,6 runs,Delhi
23-Oct-16,India,New Zealand,India,7 wickets,Mohali
26-Oct-16,India,New Zealand,New Zealand,19 runs,Ranchi
29-Oct-16,India,New Zealand,India,190 runs,Visakhapatnam
04-Nov-16,Hong Kong,P.N.G.,Hong Kong,106 runs,Mong Kok
06-Nov-16,Hong Kong,P.N.G.,P.N.G.,14 runs,Mong Kok
08-Nov-16,Hong Kong,P.N.G.,Hong Kong,7 wickets,Mong Kok
14-Nov-16,Zimbabwe,Sri Lanka,Sri Lanka,8 wickets,Harare
16-Nov-16,Sri Lanka,West Indies,West Indies,62 runs,Harare
19-Nov-16,Zimbabwe,West Indies,tied,,Bulawayo
21-Nov-16,Zimbabwe,Sri Lanka,no result,,Bulawayo
23-Nov-16,Sri Lanka,West Indies,Sri Lanka,1 run,Bulawayo
25-Nov-16,Zimbabwe,West Indies,Zimbabwe,5 runs,Bulawayo
27-Nov-16,Zimbabwe,Sri Lanka,Sri Lanka,6 wickets,Bulawayo
04-Dec-16,Australia,New Zealand,Australia,68 runs,Sydney
06-Dec-16,Australia,New Zealand,Australia,116 runs,Canberra
09-Dec-16,Australia,New Zealand,Australia,117 runs,Melbourne
26-Dec-16,New Zealand,Bangladesh,New Zealand,77 runs,Christchurch
29-Dec-16,New Zealand,Bangladesh,New Zealand,67 runs,Nelson
31-Dec-16,New Zealand,Bangladesh,New Zealand,8 wickets,Nelson
13-Jan-17,Australia,Pakistan,Australia,92 runs,Brisbane
15-Jan-17,Australia,Pakistan,Pakistan,6 wickets,Melbourne
15-Jan-17,India,England,India,3 wickets,Pune
19-Jan-17,Australia,Pakistan,Australia,7 wickets,Perth
19-Jan-17,India,England,India,15 runs,Cuttack
22-Jan-17,Australia,Pakistan,Australia,86 runs,Sydney
22-Jan-17,Hong Kong,Scotland,Hong Kong,7 wickets,Abu Dhabi
22-Jan-17,India,England,England,5 runs,Eden Gardens
24-Jan-17,U.A.E.,Scotland,U.A.E.,4 wickets,Dubai (DSC)
26-Jan-17,Australia,Pakistan,Australia,57 runs,Adelaide
26-Jan-17,U.A.E.,Hong Kong,U.A.E.,6 wickets,Dubai (DSC)
28-Jan-17,South Africa,Sri Lanka,South Africa,8 wickets,Gqeberha
30-Jan-17,New Zealand,Australia,New Zealand,6 runs,Auckland
01-Feb-17,South Africa,Sri Lanka,South Africa,121 runs,Durban
04-Feb-17,South Africa,Sri Lanka,South Africa,7 wickets,Johannesburg
05-Feb-17,New Zealand,Australia,New Zealand,24 runs,Hamilton
07-Feb-17,South Africa,Sri Lanka,South Africa,40 runs,Cape Town
10-Feb-17,South Africa,Sri Lanka,South Africa,88 runs,Centurion
16-Feb-17,Zimbabwe,Afghanistan,Afghanistan,12 runs,Harare
19-Feb-17,New Zealand,South Africa,South Africa,4 wickets,Hamilton
19-Feb-17,Zimbabwe,Afghanistan,Afghanistan,54 runs,Harare
21-Feb-17,Zimbabwe,Afghanistan,Zimbabwe,3 runs,Harare
22-Feb-17,New Zealand,South Africa,New Zealand,6 runs,Christchurch
24-Feb-17,Zimbabwe,Afghanistan,Zimbabwe,7 wickets,Harare
25-Feb-17,New Zealand,South Africa,South Africa,159 runs,Wellington
26-Feb-17,Zimbabwe,Afghanistan,Afghanistan,106 runs,Harare
01-Mar-17,New Zealand,South Africa,New Zealand,7 wickets,Hamilton
02-Mar-17,U.A.E.,Ireland,Ireland,85 runs,ICCA Dubai
03-Mar-17,West Indies,England,England,45 runs,North Sound
04-Mar-17,New Zealand,South Africa,South Africa,6 wickets,Auckland
04-Mar-17,U.A.E.,Ireland,Ireland,8 wickets,ICCA Dubai
05-Mar-17,West Indies,England,England,4 wickets,North Sound
09-Mar-17,West Indies,England,England,186 runs,Bridgetown
15-Mar-17,Afghanistan,Ireland,Afghanistan,30 runs,Greater Noida
17-Mar-17,Afghanistan,Ireland,Afghanistan,34 runs,Greater Noida
19-Mar-17,Afghanistan,Ireland,Ireland,6 wickets,Greater Noida
22-Mar-17,Afghanistan,Ireland,Ireland,3 wickets,Greater Noida
24-Mar-17,Afghanistan,Ireland,Afghanistan,7 wickets,Greater Noida
25-Mar-17,Sri Lanka,Bangladesh,Bangladesh,90 runs,Dambulla
28-Mar-17,Sri Lanka,Bangladesh,no result,,Dambulla
31-Mar-17,U.A.E.,P.N.G.,U.A.E.,82 runs,Abu Dhabi
01-Apr-17,Sri Lanka,Bangladesh,Sri Lanka,70 runs,Colombo (SSC)
02-Apr-17,U.A.E.,P.N.G.,P.N.G.,26 runs,Abu Dhabi
04-Apr-17,U.A.E.,P.N.G.,U.A.E.,103 runs,Abu Dhabi
07-Apr-17,West Indies,Pakistan,West Indies,4 wickets,Providence
09-Apr-17,West Indies,Pakistan,Pakistan,74 runs,Providence
11-Apr-17,West Indies,Pakistan,Pakistan,6 wickets,Providence
05-May-17,England,Ireland,England,7 wickets,Bristol
07-May-17,England,Ireland,England,85 runs,Lord's
12-May-17,Ireland,Bangladesh,no result,,Dublin (Malahide)
14-May-17,Ireland,New Zealand,New Zealand,51 runs,Dublin (Malahide)
17-May-17,Bangladesh,New Zealand,New Zealand,4 wickets,Dublin
19-May-17,Ireland,Bangladesh,Bangladesh,8 wickets,Dublin (Malahide)
21-May-17,Ireland,New Zealand,New Zealand,190 runs,Dublin (Malahide)
24-May-17,Bangladesh,New Zealand,Bangladesh,5 wickets,Dublin
24-May-17,England,South Africa,England,72 runs,Leeds
27-May-17,England,South Africa,England,2 runs,Southampton
29-May-17,England,South Africa,South Africa,7 wickets,Lord's
01-Jun-17,England,Bangladesh,England,8 wickets,The Oval
02-Jun-17,Australia,New Zealand,no result,,Birmingham
03-Jun-17,South Africa,Sri Lanka,South Africa,96 runs,The Oval
04-Jun-17,India,Pakistan,India,124 runs,Birmingham
05-Jun-17,Australia,Bangladesh,no result,,The Oval
06-Jun-17,England,New Zealand,England,87 runs,Cardiff
07-Jun-17,Pakistan,South Africa,Pakistan,19 runs,Birmingham
08-Jun-17,India,Sri Lanka,Sri Lanka,7 wickets,The Oval
09-Jun-17,Bangladesh,New Zealand,Bangladesh,5 wickets,Cardiff
09-Jun-17,West Indies,Afghanistan,Afghanistan,63 runs,Gros Islet
10-Jun-17,England,Australia,England,40 runs,Birmingham
11-Jun-17,India,South Africa,India,8 wickets,The Oval
11-Jun-17,West Indies,Afghanistan,West Indies,4 wickets,Gros Islet
12-Jun-17,Pakistan,Sri Lanka,Pakistan,3 wickets,Cardiff
14-Jun-17,England,Pakistan,Pakistan,8 wickets,Cardiff
14-Jun-17,West Indies,Afghanistan,no result,,Gros Islet
15-Jun-17,Bangladesh,India,India,9 wickets,Birmingham
15-Jun-17,Scotland,Zimbabwe,Scotland,26 runs,Edinburgh
17-Jun-17,Scotland,Zimbabwe,Zimbabwe,6 wickets,Edinburgh
18-Jun-17,India,Pakistan,Pakistan,180 runs,The Oval
23-Jun-17,West Indies,India,no result,,Port of Spain
25-Jun-17,West Indies,India,India,105 runs,Port of Spain
30-Jun-17,Sri Lanka,Zimbabwe,Zimbabwe,6 wickets,Galle
30-Jun-17,West Indies,India,India,93 runs,North Sound
02-Jul-17,Sri Lanka,Zimbabwe,Sri Lanka,7 wickets,Galle
02-Jul-17,West Indies,India,West Indies,11 runs,North Sound
06-Jul-17,Sri Lanka,Zimbabwe,Sri Lanka,8 wickets,Hambantota
06-Jul-17,West Indies,India,India,8 wickets,Kingston
08-Jul-17,Sri Lanka,Zimbabwe,Zimbabwe,4 wickets,Hambantota
10-Jul-17,Sri Lanka,Zimbabwe,Zimbabwe,3 wickets,Hambantota
20-Aug-17,Sri Lanka,India,India,9 wickets,Dambulla
24-Aug-17,Sri Lanka,India,India,3 wickets,Pallekele
27-Aug-17,Sri Lanka,India,India,6 wickets,Pallekele
31-Aug-17,Sri Lanka,India,India,168 runs,Colombo (RPS)
03-Sep-17,Sri Lanka,India,India,6 wickets,Colombo (RPS)
17-Sep-17,India,Australia,India,26 runs,Chennai
19-Sep-17,England,West Indies,England,7 wickets,Manchester
21-Sep-17,India,Australia,India,50 runs,Eden Gardens
21-Sep-17,England,West Indies,no result,,Nottingham
24-Sep-17,India,Australia,India,5 wickets,Indore
24-Sep-17,England,West Indies,England,124 runs,Bristol
27-Sep-17,England,West Indies,England,6 runs,The Oval
28-Sep-17,India,Australia,Australia,21 runs,Bengaluru
29-Sep-17,England,West Indies,England,9 wickets,Southampton
01-Oct-17,India,Australia,India,7 wickets,Nagpur
06-Oct-17,P.N.G.,Scotland,Scotland,101 runs,Port Moresby
08-Oct-17,P.N.G.,Scotland,P.N.G.,5 wickets,Port Moresby
13-Oct-17,Pakistan,Sri Lanka,Pakistan,83 runs,Dubai (DSC)
15-Oct-17,South Africa,Bangladesh,South Africa,10 wickets,Kimberley
16-Oct-17,Pakistan,Sri Lanka,Pakistan,32 runs,Abu Dhabi
18-Oct-17,South Africa,Bangladesh,South Africa,104 runs,Paarl
18-Oct-17,Pakistan,Sri Lanka,Pakistan,7 wickets,Abu Dhabi
20-Oct-17,Pakistan,Sri Lanka,Pakistan,7 wickets,Sharjah
22-Oct-17,India,New Zealand,New Zealand,6 wickets,Wankhede
22-Oct-17,South Africa,Bangladesh,South Africa,200 runs,East London
23-Oct-17,Pakistan,Sri Lanka,Pakistan,9 wickets,Sharjah
25-Oct-17,India,New Zealand,India,6 wickets,Pune
29-Oct-17,India,New Zealand,India,6 runs,Kanpur
24-Nov-17,P.N.G.,Scotland,Scotland,6 wickets,Dubai (DSC)
25-Nov-17,P.N.G.,Scotland,Scotland,4 wickets,Dubai (DSC)
05-Dec-17,Afghanistan,Ireland,Afghanistan,138 runs,Sharjah
06-Dec-17,Hong Kong,P.N.G.,Hong Kong,23 runs,ICCA Dubai
07-Dec-17,Afghanistan,Ireland,Ireland,51 runs,Sharjah
08-Dec-17,Hong Kong,P.N.G.,Hong Kong,93 runs,ICCA Dubai
10-Dec-17,India,Sri Lanka,Sri Lanka,7 wickets,Dharamsala
10-Dec-17,Afghanistan,Ireland,Ireland,5 wickets,Sharjah
13-Dec-17,India,Sri Lanka,India,141 runs,Mohali
17-Dec-17,India,Sri Lanka,India,8 wickets,Visakhapatnam
20-Dec-17,New Zealand,West Indies,New Zealand,5 wickets,Whangarei
23-Dec-17,New Zealand,West Indies,New Zealand,204 runs,Christchurch
26-Dec-17,New Zealand,West Indies,New Zealand,66 runs,Christchurch
06-Jan-18,New Zealand,Pakistan,New Zealand,61 runs,Wellington
09-Jan-18,New Zealand,Pakistan,New Zealand,8 wickets,Nelson
11-Jan-18,U.A.E.,Ireland,Ireland,4 wickets,ICCA Dubai
13-Jan-18,New Zealand,Pakistan,New Zealand,183 runs,Dunedin
13-Jan-18,U.A.E.,Ireland,Ireland,67 runs,ICCA Dubai
14-Jan-18,Australia,England,England,5 wickets,Melbourne
15-Jan-18,Bangladesh,Zimbabwe,Bangladesh,8 wickets,Mirpur
16-Jan-18,New Zealand,Pakistan,New Zealand,5 wickets,Hamilton
16-Jan-18,Ireland,Scotland,Ireland,6 wickets,ICCA Dubai
17-Jan-18,Sri Lanka,Zimbabwe,Zimbabwe,12 runs,Mirpur
18-Jan-18,Ireland,Scotland,Ireland,24 runs,ICCA Dubai
19-Jan-18,New Zealand,Pakistan,New Zealand,15 runs,Wellington
19-Jan-18,Australia,England,England,4 wickets,Brisbane
19-Jan-18,Bangladesh,Sri Lanka,Bangladesh,163 runs,Mirpur
21-Jan-18,Australia,England,England,16 runs,Sydney
21-Jan-18,U.A.E.,Scotland,Scotland,31 runs,ICCA Dubai
21-Jan-18,Sri Lanka,Zimbabwe,Sri Lanka,5 wickets,Mirpur
23-Jan-18,U.A.E.,Scotland,U.A.E.,4 wickets,ICCA Dubai
23-Jan-18,Bangladesh,Zimbabwe,Bangladesh,91 runs,Mirpur
25-Jan-18,Bangladesh,Sri Lanka,Sri Lanka,10 wickets,Mirpur
26-Jan-18,Australia,England,Australia,3 wickets,Adelaide
27-Jan-18,Bangladesh,Sri Lanka,Sri Lanka,79 runs,Mirpur
28-Jan-18,Australia,England,England,12 runs,Perth
01-Feb-18,South Africa,India,India,6 wickets,Durban
04-Feb-18,South Africa,India,India,9 wickets,Centurion
07-Feb-18,South Africa,India,India,124 runs,Cape Town
09-Feb-18,Afghanistan,Zimbabwe,Afghanistan,154 runs,Sharjah
10-Feb-18,South Africa,India,South Africa,5 wickets,Johannesburg
11-Feb-18,Afghanistan,Zimbabwe,Zimbabwe,154 runs,Sharjah
13-Feb-18,Afghanistan,Zimbabwe,Afghanistan,6 wickets,Sharjah
13-Feb-18,South Africa,India,India,73 runs,Gqeberha
16-Feb-18,Afghanistan,Zimbabwe,Afghanistan,10 wickets,Sharjah
16-Feb-18,South Africa,India,India,8 wickets,Centurion
19-Feb-18,Afghanistan,Zimbabwe,Afghanistan,146 runs,Sharjah
25-Feb-18,New Zealand,England,New Zealand,3 wickets,Hamilton
28-Feb-18,New Zealand,England,England,6 wickets,Mount Maunganui
03-Mar-18,New Zealand,England,England,4 runs,Wellington
04-Mar-18,Afghanistan,Scotland,Scotland,7 wickets,Bulawayo
04-Mar-18,P.N.G.,U.A.E.,U.A.E.,56 runs,Harare
06-Mar-18,Hong Kong,Scotland,Scotland,4 wickets,Bulawayo
06-Mar-18,Ireland,P.N.G.,Ireland,4 wickets,Harare
06-Mar-18,U.A.E.,West Indies,West Indies,60 runs,Harare
06-Mar-18,Zimbabwe,Afghanistan,Zimbabwe,2 runs,Bulawayo
07-Mar-18,New Zealand,England,New Zealand,5 wickets,Dunedin
08-Mar-18,Afghanistan,Hong Kong,Hong Kong,30 runs,Bulawayo
08-Mar-18,P.N.G.,West Indies,West Indies,6 wickets,Harare
10-Mar-18,New Zealand,England,England,7 wickets,Christchurch
10-Mar-18,Ireland,West Indies,West Indies,52 runs,Harare
10-Mar-18,Zimbabwe,Hong Kong,Zimbabwe,89 runs,Bulawayo
12-Mar-18,Ireland,U.A.E.,Ireland,226 runs,Harare
12-Mar-18,Zimbabwe,Scotland,tied,,Bulawayo
15-Mar-18,Afghanistan,West Indies,Afghanistan,3 wickets,Harare
15-Mar-18,Scotland,U.A.E.,Scotland,73 runs,Bulawayo
16-Mar-18,Zimbabwe,Ireland,Zimbabwe,107 runs,Harare
17-Mar-18,Hong Kong,P.N.G.,P.N.G.,58 runs,Harare
18-Mar-18,Ireland,Scotland,Ireland,25 runs,Harare
19-Mar-18,Zimbabwe,West Indies,West Indies,4 wickets,Harare
20-Mar-18,Afghanistan,U.A.E.,Afghanistan,5 wickets,Harare
21-Mar-18,Scotland,West Indies,West Indies,5 runs,Harare
22-Mar-18,Zimbabwe,U.A.E.,U.A.E.,3 runs,Harare
23-Mar-18,Afghanistan,Ireland,Afghanistan,5 wickets,Harare
25-Mar-18,Afghanistan,West Indies,Afghanistan,7 wickets,Harare
10-Jun-18,Scotland,England,Scotland,6 runs,Edinburgh
13-Jun-18,England,Australia,England,3 wickets,The Oval
16-Jun-18,England,Australia,England,38 runs,Cardiff
19-Jun-18,England,Australia,England,242 runs,Nottingham
21-Jun-18,England,Australia,England,6 wickets,Chester-le-Street
24-Jun-18,England,Australia,England,1 wicket,Manchester
12-Jul-18,England,India,India,8 wickets,Nottingham
13-Jul-18,Zimbabwe,Pakistan,Pakistan,201 runs,Bulawayo
14-Jul-18,England,India,England,86 runs,Lord's
16-Jul-18,Zimbabwe,Pakistan,Pakistan,9 wickets,Bulawayo
17-Jul-18,England,India,England,8 wickets,Leeds
18-Jul-18,Zimbabwe,Pakistan,Pakistan,9 wickets,Bulawayo
20-Jul-18,Zimbabwe,Pakistan,Pakistan,244 runs,Bulawayo
22-Jul-18,Zimbabwe,Pakistan,Pakistan,131 runs,Bulawayo
22-Jul-18,West Indies,Bangladesh,Bangladesh,48 runs,Providence
25-Jul-18,West Indies,Bangladesh,West Indies,3 runs,Providence
28-Jul-18,West Indies,Bangladesh,Bangladesh,18 runs,Basseterre
29-Jul-18,Sri Lanka,South Africa,South Africa,5 wickets,Dambulla
01-Aug-18,Netherlands,Nepal,Netherlands,55 runs,Amstelveen
01-Aug-18,Sri Lanka,South Africa,South Africa,4 wickets,Dambulla
03-Aug-18,Netherlands,Nepal,Nepal,1 run,Amstelveen
05-Aug-18,Sri Lanka,South Africa,South Africa,78 runs,Pallekele
08-Aug-18,Sri Lanka,South Africa,Sri Lanka,3 runs,Pallekele
12-Aug-18,Sri Lanka,South Africa,Sri Lanka,178 runs,Colombo (RPS)
27-Aug-18,Ireland,Afghanistan,Afghanistan,29 runs,Belfast
29-Aug-18,Ireland,Afghanistan,Ireland,3 wickets,Belfast
30-Aug-18,Nepal,U.A.E.,U.A.E.,78 runs,Kuala Lumpur
31-Aug-18,Ireland,Afghanistan,Afghanistan,8 wickets,Belfast
15-Sep-18,Bangladesh,Sri Lanka,Bangladesh,137 runs,Dubai (DSC)
16-Sep-18,Hong Kong,Pakistan,Pakistan,8 wickets,Dubai (DSC)
17-Sep-18,Afghanistan,Sri Lanka,Afghanistan,91 runs,Abu Dhabi
18-Sep-18,Hong Kong,India,India,26 runs,Dubai (DSC)
19-Sep-18,India,Pakistan,India,8 wickets,Dubai (DSC)
20-Sep-18,Afghanistan,Bangladesh,Afghanistan,136 runs,Abu Dhabi
21-Sep-18,Bangladesh,India,India,7 wickets,Dubai (DSC)
21-Sep-18,Afghanistan,Pakistan,Pakistan,3 wickets,Abu Dhabi
23-Sep-18,India,Pakistan,India,9 wickets,Dubai (DSC)
23-Sep-18,Afghanistan,Bangladesh,Bangladesh,3 runs,Abu Dhabi
25-Sep-18,Afghanistan,India,tied,,Dubai (DSC)
26-Sep-18,Bangladesh,Pakistan,Bangladesh,37 runs,Abu Dhabi
28-Sep-18,Bangladesh,India,India,3 wickets,Dubai (DSC)
30-Sep-18,South Africa,Zimbabwe,South Africa,5 wickets,Kimberley
03-Oct-18,South Africa,Zimbabwe,South Africa,120 runs,Bloemfontein
06-Oct-18,South Africa,Zimbabwe,South Africa,4 wickets,Paarl
10-Oct-18,Sri Lanka,England,no result,,Dambulla
13-Oct-18,Sri Lanka,England,England,31 runs,Dambulla
17-Oct-18,Sri Lanka,England,England,7 wickets,Pallekele
20-Oct-18,Sri Lanka,England,England,18 runs,Pallekele
21-Oct-18,India,West Indies,India,8 wickets,Guwahati
21-Oct-18,Bangladesh,Zimbabwe,Bangladesh,28 runs,Mirpur
23-Oct-18,Sri Lanka,England,Sri Lanka,219 runs,Colombo (RPS)
24-Oct-18,India,West Indies,tied,,Visakhapatnam
24-Oct-18,Bangladesh,Zimbabwe,Bangladesh,7 wickets,Chattogram
26-Oct-18,Bangladesh,Zimbabwe,Bangladesh,7 wickets,Chattogram
27-Oct-18,India,West Indies,West Indies,43 runs,Pune
29-Oct-18,India,West Indies,India,224 runs,Brabourne
01-Nov-18,India,West Indies,India,9 wickets,Thiruvananthapuram
04-Nov-18,Australia,South Africa,South Africa,6 wickets,Perth
07-Nov-18,New Zealand,Pakistan,New Zealand,47 runs,Abu Dhabi
09-Nov-18,Australia,South Africa,Australia,7 runs,Adelaide
09-Nov-18,New Zealand,Pakistan,Pakistan,6 wickets,Abu Dhabi
11-Nov-18,Australia,South Africa,South Africa,40 runs,Hobart
11-Nov-18,New Zealand,Pakistan,no result,,Dubai (DSC)
09-Dec-18,Bangladesh,West Indies,Bangladesh,5 wickets,Mirpur
11-Dec-18,Bangladesh,West Indies,West Indies,4 wickets,Mirpur
14-Dec-18,Bangladesh,West Indies,Bangladesh,8 wickets,Sylhet
03-Jan-19,New Zealand,Sri Lanka,New Zealand,45 runs,Mount Maunganui
05-Jan-19,New Zealand,Sri Lanka,New Zealand,21 runs,Mount Maunganui
08-Jan-19,New Zealand,Sri Lanka,New Zealand,115 runs,Nelson
12-Jan-19,Australia,India,Australia,34 runs,Sydney
15-Jan-19,Australia,India,India,6 wickets,Adelaide
18-Jan-19,Australia,India,India,7 wickets,Melbourne
19-Jan-19,South Africa,Pakistan,Pakistan,5 wickets,Gqeberha
22-Jan-19,South Africa,Pakistan,South Africa,5 wickets,Durban
23-Jan-19,New Zealand,India,India,8 wickets,Napier
25-Jan-19,U.A.E.,Nepal,U.A.E.,3 wickets,ICCA Dubai
25-Jan-19,South Africa,Pakistan,South Africa,13 runs,Centurion
26-Jan-19,New Zealand,India,India,90 runs,Mount Maunganui
26-Jan-19,U.A.E.,Nepal,Nepal,145 runs,ICCA Dubai
27-Jan-19,South Africa,Pakistan,Pakistan,8 wickets,Johannesburg
28-Jan-19,New Zealand,India,India,7 wickets,Mount Maunganui
28-Jan-19,U.A.E.,Nepal,Nepal,4 wickets,ICCA Dubai
30-Jan-19,South Africa,Pakistan,South Africa,7 wickets,Cape Town
31-Jan-19,New Zealand,India,New Zealand,8 wickets,Hamilton
03-Feb-19,New Zealand,India,India,35 runs,Wellington
13-Feb-19,New Zealand,Bangladesh,New Zealand,8 wickets,Napier
16-Feb-19,New Zealand,Bangladesh,New Zealand,8 wickets,Christchurch
20-Feb-19,New Zealand,Bangladesh,New Zealand,88 runs,Dunedin
20-Feb-19,West Indies,England,England,6 wickets,Bridgetown
22-Feb-19,West Indies,England,West Indies,26 runs,Bridgetown
25-Feb-19,West Indies,England,no result,,St George's
27-Feb-19,West Indies,England,England,29 runs,St George's
28-Feb-19,Afghanistan,Ireland,Afghanistan,5 wickets,Dehradun
02-Mar-19,Afghanistan,Ireland,no result,,Dehradun
02-Mar-19,India,Australia,India,6 wickets,Hyderabad
02-Mar-19,West Indies,England,West Indies,7 wickets,Gros Islet
03-Mar-19,South Africa,Sri Lanka,South Africa,8 wickets,Johannesburg
05-Mar-19,Afghanistan,Ireland,Ireland,4 wickets,Dehradun
05-Mar-19,India,Australia,India,8 runs,Nagpur
06-Mar-19,South Africa,Sri Lanka,South Africa,113 runs,Centurion
08-Mar-19,Afghanistan,Ireland,Afghanistan,109 runs,Dehradun
08-Mar-19,India,Australia,Australia,32 runs,Ranchi
10-Mar-19,Afghanistan,Ireland,Ireland,5 wickets,Dehradun
10-Mar-19,India,Australia,Australia,4 wickets,Mohali
10-Mar-19,South Africa,Sri Lanka,South Africa,71 runs,Durban
13-Mar-19,India,Australia,Australia,35 runs,Delhi
13-Mar-19,South Africa,Sri Lanka,South Africa,6 wickets,Gqeberha
16-Mar-19,South Africa,Sri Lanka,South Africa,41 runs,Cape Town
22-Mar-19,Australia,Pakistan,Australia,8 wickets,Sharjah
24-Mar-19,Australia,Pakistan,Australia,8 wickets,Sharjah
27-Mar-19,Australia,Pakistan,Australia,80 runs,Abu Dhabi
29-Mar-19,Australia,Pakistan,Australia,6 runs,Dubai (DSC)
31-Mar-19,Australia,Pakistan,Australia,20 runs,Dubai (DSC)
10-Apr-19,Zimbabwe,U.A.E.,Zimbabwe,7 wickets,Harare
12-Apr-19,Zimbabwe,U.A.E.,Zimbabwe,4 runs,Harare
14-Apr-19,Zimbabwe,U.A.E.,Zimbabwe,131 runs,Harare
16-Apr-19,Zimbabwe,U.A.E.,Zimbabwe,3 wickets,Harare
27-Apr-19,Namibia,Oman,Namibia,145 runs,Windhoek
27-Apr-19,P.N.G.,U.S.A.,P.N.G.,5 wickets,Windhoek
03-May-19,Ireland,England,England,4 wickets,Dublin (Malahide)
05-May-19,Ireland,West Indies,West Indies,196 runs,Dublin
07-May-19,Bangladesh,West Indies,Bangladesh,8 wickets,Dublin
08-May-19,England,Pakistan,no result,,The Oval
10-May-19,Scotland,Afghanistan,Afghanistan,2 runs,Edinburgh
11-May-19,Ireland,West Indies,West Indies,5 wickets,Dublin (Malahide)
11-May-19,England,Pakistan,England,12 runs,Southampton
13-May-19,Bangladesh,West Indies,Bangladesh,5 wickets,Dublin (Malahide)
14-May-19,England,Pakistan,England,6 wickets,Bristol
15-May-19,Ireland,Bangladesh,Bangladesh,6 wickets,Dublin
17-May-19,Bangladesh,West Indies,Bangladesh,5 wickets,Dublin (Malahide)
17-May-19,England,Pakistan,England,3 wickets,Nottingham
19-May-19,Ireland,Afghanistan,Ireland,72 runs,Belfast
19-May-19,England,Pakistan,England,54 runs,Leeds
21-May-19,Ireland,Afghanistan,Afghanistan,126 runs,Belfast
21-May-19,Scotland,Sri Lanka,Sri Lanka,35 runs,Edinburgh
30-May-19,England,South Africa,England,104 runs,The Oval
31-May-19,Pakistan,West Indies,West Indies,7 wickets,Nottingham
01-Jun-19,New Zealand,Sri Lanka,New Zealand,10 wickets,Cardiff
01-Jun-19,Afghanistan,Australia,Australia,7 wickets,Bristol
02-Jun-19,Bangladesh,South Africa,Bangladesh,21 runs,The Oval
03-Jun-19,England,Pakistan,Pakistan,14 runs,Nottingham
04-Jun-19,Afghanistan,Sri Lanka,Sri Lanka,34 runs,Cardiff
05-Jun-19,India,South Africa,India,6 wickets,Southampton
05-Jun-19,Bangladesh,New Zealand,New Zealand,2 wickets,The Oval
06-Jun-19,Australia,West Indies,Australia,15 runs,Nottingham
08-Jun-19,England,Bangladesh,England,106 runs,Cardiff
08-Jun-19,Afghanistan,New Zealand,New Zealand,7 wickets,Taunton
09-Jun-19,Australia,India,India,36 runs,The Oval
10-Jun-19,South Africa,West Indies,no result,,Southampton
12-Jun-19,Australia,Pakistan,Australia,41 runs,Taunton
14-Jun-19,England,West Indies,England,8 wickets,Southampton
15-Jun-19,Australia,Sri Lanka,Australia,87 runs,The Oval
15-Jun-19,Afghanistan,South Africa,South Africa,9 wickets,Cardiff
16-Jun-19,India,Pakistan,India,89 runs,Manchester
17-Jun-19,Bangladesh,West Indies,Bangladesh,7 wickets,Taunton
18-Jun-19,England,Afghanistan,England,150 runs,Manchester
19-Jun-19,Netherlands,Zimbabwe,Netherlands,7 wickets,Deventer
19-Jun-19,New Zealand,South Africa,New Zealand,4 wickets,Birmingham
20-Jun-19,Australia,Bangladesh,Australia,48 runs,Nottingham
21-Jun-19,Netherlands,Zimbabwe,Netherlands,3 wickets,Deventer
21-Jun-19,England,Sri Lanka,Sri Lanka,20 runs,Leeds
22-Jun-19,Afghanistan,India,India,11 runs,Southampton
22-Jun-19,New Zealand,West Indies,New Zealand,5 runs,Manchester
23-Jun-19,Pakistan,South Africa,Pakistan,49 runs,Lord's
24-Jun-19,Afghanistan,Bangladesh,Bangladesh,62 runs,Southampton
25-Jun-19,England,Australia,Australia,64 runs,Lord's
26-Jun-19,New Zealand,Pakistan,Pakistan,6 wickets,Birmingham
27-Jun-19,India,West Indies,India,125 runs,Manchester
28-Jun-19,South Africa,Sri Lanka,South Africa,9 wickets,Chester-le-Street
29-Jun-19,Afghanistan,Pakistan,Pakistan,3 wickets,Leeds
29-Jun-19,Australia,New Zealand,Australia,86 runs,Lord's
30-Jun-19,England,India,England,31 runs,Birmingham
01-Jul-19,Sri Lanka,West Indies,Sri Lanka,23 runs,Chester-le-Street
01-Jul-19,Ireland,Zimbabwe,Ireland,4 wickets,Bready
02-Jul-19,Bangladesh,India,India,28 runs,Birmingham
03-Jul-19,England,New Zealand,England,119 runs,Chester-le-Street
04-Jul-19,Afghanistan,West Indies,West Indies,23 runs,Leeds
04-Jul-19,Ireland,Zimbabwe,Ireland,5 runs,Belfast
05-Jul-19,Bangladesh,Pakistan,Pakistan,94 runs,Lord's
06-Jul-19,India,Sri Lanka,India,7 wickets,Leeds
06-Jul-19,Australia,South Africa,South Africa,10 runs,Manchester
07-Jul-19,Ireland,Zimbabwe,Ireland,6 wickets,Belfast
10-Jul-19,India,New Zealand,New Zealand,18 runs,Manchester
11-Jul-19,England,Australia,England,8 wickets,Birmingham
14-Jul-19,England,New Zealand,tied,,Lord's
26-Jul-19,Sri Lanka,Bangladesh,Sri Lanka,91 runs,Colombo (RPS)
28-Jul-19,Sri Lanka,Bangladesh,Sri Lanka,7 wickets,Colombo (RPS)
31-Jul-19,Sri Lanka,Bangladesh,Sri Lanka,122 runs,Colombo (RPS)
08-Aug-19,West Indies,India,no result,,Providence
11-Aug-19,West Indies,India,India,59 runs,Port of Spain
14-Aug-19,Oman,P.N.G.,Oman,4 wickets,Aberdeen
14-Aug-19,West Indies,India,India,6 wickets,Port of Spain
15-Aug-19,Scotland,Oman,Oman,8 wickets,Aberdeen
17-Aug-19,Scotland,P.N.G.,Scotland,3 wickets,Aberdeen
18-Aug-19,Scotland,Oman,Scotland,85 runs,Aberdeen
20-Aug-19,Scotland,P.N.G.,Scotland,38 runs,Aberdeen
21-Aug-19,Oman,P.N.G.,Oman,4 wickets,Aberdeen
13-Sep-19,U.S.A.,P.N.G.,U.S.A.,5 runs,Lauderhill
17-Sep-19,U.S.A.,Namibia,U.S.A.,5 wickets,Lauderhill
19-Sep-19,U.S.A.,P.N.G.,U.S.A.,62 runs,Lauderhill
20-Sep-19,U.S.A.,Namibia,Namibia,139 runs,Lauderhill
22-Sep-19,Namibia,P.N.G.,Namibia,4 wickets,Lauderhill
23-Sep-19,Namibia,P.N.G.,Namibia,27 runs,Lauderhill
30-Sep-19,Pakistan,Sri Lanka,Pakistan,67 runs,Karachi
02-Oct-19,Pakistan,Sri Lanka,Pakistan,5 wickets,Karachi
06-Nov-19,Afghanistan,West Indies,West Indies,7 wickets,Lucknow
09-Nov-19,Afghanistan,West Indies,West Indies,47 runs,Lucknow
11-Nov-19,Afghanistan,West Indies,West Indies,5 wickets,Lucknow
08-Dec-19,U.A.E.,U.S.A.,U.S.A.,3 wickets,Sharjah
09-Dec-19,Scotland,U.S.A.,U.S.A.,35 runs,Sharjah
12-Dec-19,U.A.E.,U.S.A.,U.S.A.,98 runs,ICCA Dubai
14-Dec-19,Scotland,U.S.A.,Scotland,4 wickets,ICCA Dubai
15-Dec-19,U.A.E.,Scotland,U.A.E.,7 wickets,ICCA Dubai
15-Dec-19,India,West Indies,West Indies,8 wickets,Chennai
18-Dec-19,India,West Indies,India,107 runs,Visakhapatnam
22-Dec-19,India,West Indies,India,4 wickets,Cuttack
05-Jan-20,Oman,U.A.E.,Oman,5 wickets,Al Amerat
06-Jan-20,Namibia,U.A.E.,U.A.E.,8 runs,Al Amerat
07-Jan-20,West Indies,Ireland,West Indies,5 wickets,Bridgetown
08-Jan-20,Oman,Namibia,Namibia,52 runs,Al Amerat
09-Jan-20,Namibia,U.A.E.,U.A.E.,8 wickets,Al Amerat
09-Jan-20,West Indies,Ireland,West Indies,1 wicket,Bridgetown
12-Jan-20,West Indies,Ireland,West Indies,5 wickets,St George's
14-Jan-20,India,Australia,Australia,10 wickets,Wankhede
17-Jan-20,India,Australia,India,36 runs,Rajkot
19-Jan-20,India,Australia,India,7 wickets,Bengaluru
04-Feb-20,South Africa,England,South Africa,7 wickets,Cape Town
05-Feb-20,New Zealand,India,New Zealand,4 wickets,Hamilton
05-Feb-20,Nepal,Oman,Oman,18 runs,Kirtipur
06-Feb-20,Oman,U.S.A.,Oman,6 wickets,Kirtipur
07-Feb-20,South Africa,England,no result,,Durban
08-Feb-20,New Zealand,India,New Zealand,22 runs,Auckland
08-Feb-20,Nepal,U.S.A.,Nepal,35 runs,Kirtipur
09-Feb-20,Nepal,Oman,Oman,8 wickets,Kirtipur
09-Feb-20,South Africa,England,England,2 wickets,Johannesburg
11-Feb-20,New Zealand,India,New Zealand,5 wickets,Mount Maunganui
11-Feb-20,Oman,U.S.A.,Oman,92 runs,Kirtipur
12-Feb-20,Nepal,U.S.A.,Nepal,8 wickets,Kirtipur
22-Feb-20,Sri Lanka,West Indies,Sri Lanka,1 wicket,Colombo (SSC)
26-Feb-20,Sri Lanka,West Indies,Sri Lanka,161 runs,Hambantota
29-Feb-20,South Africa,Australia,South Africa,74 runs,Paarl
01-Mar-20,Bangladesh,Zimbabwe,Bangladesh,169 runs,Sylhet
01-Mar-20,Sri Lanka,West Indies,Sri Lanka,6 runs,Pallekele
03-Mar-20,Bangladesh,Zimbabwe,Bangladesh,4 runs,Sylhet
04-Mar-20,South Africa,Australia,South Africa,6 wickets,Bloemfontein
06-Mar-20,Bangladesh,Zimbabwe,Bangladesh,123 runs,Sylhet
07-Mar-20,South Africa,Australia,South Africa,6 wickets,Potchefstroom
13-Mar-20,Australia,New Zealand,Australia,71 runs,Sydney
30-Jul-20,England,Ireland,England,6 wickets,Southampton
01-Aug-20,England,Ireland,England,4 wickets,Southampton
04-Aug-20,England,Ireland,Ireland,7 wickets,Southampton
11-Sep-20,England,Australia,Australia,19 runs,Manchester
13-Sep-20,England,Australia,England,24 runs,Manchester
16-Sep-20,England,Australia,Australia,3 wickets,Manchester
30-Oct-20,Pakistan,Zimbabwe,Pakistan,26 runs,Rawalpindi
01-Nov-20,Pakistan,Zimbabwe,Pakistan,6 wickets,Rawalpindi
03-Nov-20,Pakistan,Zimbabwe,tied,,Rawalpindi
27-Nov-20,Australia,India,Australia,66 runs,Sydney
29-Nov-20,Australia,India,Australia,51 runs,Sydney
02-Dec-20,Australia,India,India,13 runs,Canberra
08-Jan-21,U.A.E.,Ireland,U.A.E.,6 wickets,Abu Dhabi
18-Jan-21,U.A.E.,Ireland,Ireland,112 runs,Abu Dhabi
20-Jan-21,Bangladesh,West Indies,Bangladesh,6 wickets,Mirpur
21-Jan-21,Afghanistan,Ireland,Afghanistan,16 runs,Abu Dhabi
22-Jan-21,Bangladesh,West Indies,Bangladesh,7 wickets,Mirpur
24-Jan-21,Afghanistan,Ireland,Afghanistan,7 wickets,Abu Dhabi
25-Jan-21,Bangladesh,West Indies,Bangladesh,120 runs,Chattogram
26-Jan-21,Afghanistan,Ireland,Afghanistan,36 runs,Abu Dhabi
10-Mar-21,West Indies,Sri Lanka,West Indies,8 wickets,North Sound
12-Mar-21,West Indies,Sri Lanka,West Indies,5 wickets,North Sound
14-Mar-21,West Indies,Sri Lanka,West Indies,5 wickets,North Sound
20-Mar-21,New Zealand,Bangladesh,New Zealand,8 wickets,Dunedin
23-Mar-21,New Zealand,Bangladesh,New Zealand,5 wickets,Christchurch
23-Mar-21,India,England,India,66 runs,Pune
26-Mar-21,New Zealand,Bangladesh,New Zealand,164 runs,Wellington
26-Mar-21,India,England,England,6 wickets,Pune
28-Mar-21,India,England,India,7 runs,Pune
02-Apr-21,South Africa,Pakistan,Pakistan,3 wickets,Centurion
04-Apr-21,South Africa,Pakistan,South Africa,17 runs,Johannesburg
07-Apr-21,South Africa,Pakistan,Pakistan,28 runs,Centurion
19-May-21,Netherlands,Scotland,Netherlands,14 runs,Rotterdam
20-May-21,Netherlands,Scotland,Scotland,6 wickets,Rotterdam
23-May-21,Bangladesh,Sri Lanka,Bangladesh,33 runs,Mirpur
25-May-21,Bangladesh,Sri Lanka,Bangladesh,103 runs,Mirpur
28-May-21,Bangladesh,Sri Lanka,Sri Lanka,97 runs,Mirpur
02-Jun-21,Netherlands,Ireland,Netherlands,1 run,Utrecht
04-Jun-21,Netherlands,Ireland,Ireland,8 wickets,Utrecht
07-Jun-21,Netherlands,Ireland,Netherlands,4 wickets,Utrecht
29-Jun-21,England,Sri Lanka,England,5 wickets,Chester-le-Street
01-Jul-21,England,Sri Lanka,England,8 wickets,The Oval
04-Jul-21,England,Sri Lanka,no result,,Bristol
08-Jul-21,England,Pakistan,England,9 wickets,Cardiff
10-Jul-21,England,Pakistan,England,52 runs,Lord's
11-Jul-21,Ireland,South Africa,no result,,Dublin (Malahide)
13-Jul-21,Ireland,South Africa,Ireland,43 runs,Dublin (Malahide)
13-Jul-21,England,Pakistan,England,3 wickets,Birmingham
16-Jul-21,Zimbabwe,Bangladesh,Bangladesh,155 runs,Harare
16-Jul-21,Ireland,South Africa,South Africa,70 runs,Dublin (Malahide)
18-Jul-21,Zimbabwe,Bangladesh,Bangladesh,3 wickets,Harare
18-Jul-21,Sri Lanka,India,India,7 wickets,Colombo (RPS)
20-Jul-21,Zimbabwe,Bangladesh,Bangladesh,5 wickets,Harare
20-Jul-21,Sri Lanka,India,India,3 wickets,Colombo (RPS)
20-Jul-21,West Indies,Australia,Australia,133 runs,Bridgetown
22-Jul-21,West Indies,Australia,West Indies,4 wickets,Bridgetown
23-Jul-21,Sri Lanka,India,Sri Lanka,3 wickets,Colombo (RPS)
26-Jul-21,West Indies,Australia,Australia,6 wickets,Bridgetown
02-Sep-21,Sri Lanka,South Africa,Sri Lanka,14 runs,Colombo (RPS)
04-Sep-21,Sri Lanka,South Africa,South Africa,67 runs,Colombo (RPS)
06-Sep-21,P.N.G.,U.S.A.,U.S.A.,7 wickets,Al Amerat
07-Sep-21,Nepal,P.N.G.,Nepal,2 wickets,Al Amerat
07-Sep-21,Sri Lanka,South Africa,Sri Lanka,78 runs,Colombo (RPS)
08-Sep-21,Ireland,Zimbabwe,Zimbabwe,38 runs,Belfast
09-Sep-21,P.N.G.,U.S.A.,U.S.A.,134 runs,Al Amerat
10-Sep-21,Ireland,Zimbabwe,no result,,Belfast
10-Sep-21,Nepal,P.N.G.,Nepal,151 runs,Al Amerat
13-Sep-21,Ireland,Zimbabwe,Ireland,7 wickets,Belfast
13-Sep-21,Nepal,U.S.A.,Nepal,5 wickets,Al Amerat
14-Sep-21,Oman,Nepal,Oman,5 wickets,Al Amerat
16-Sep-21,Oman,U.S.A.,Oman,4 wickets,Al Amerat
17-Sep-21,Nepal,U.S.A.,U.S.A.,6 wickets,Al Amerat
19-Sep-21,Oman,Nepal,Nepal,7 wickets,Al Amerat
20-Sep-21,Oman,U.S.A.,Oman,72 runs,Al Amerat
25-Sep-21,P.N.G.,Scotland,Scotland,6 wickets,Al Amerat
26-Sep-21,Oman,P.N.G.,Oman,110 runs,Al Amerat
28-Sep-21,Oman,Scotland,Scotland,18 runs,Al Amerat
29-Sep-21,P.N.G.,Scotland,Scotland,4 wickets,Al Amerat
01-Oct-21,Oman,P.N.G.,Oman,3 wickets,Al Amerat
02-Oct-21,Oman,Scotland,no result,,Al Amerat
26-Nov-21,Namibia,Oman,Namibia,40 runs,Windhoek
26-Nov-21,South Africa,Netherlands,no result,,Centurion
27-Nov-21,Namibia,Oman,Oman,9 runs,Windhoek
08-Jan-22,West Indies,Ireland,West Indies,24 runs,Kingston
13-Jan-22,West Indies,Ireland,Ireland,5 wickets,Kingston
16-Jan-22,Sri Lanka,Zimbabwe,Sri Lanka,5 wickets,Pallekele
16-Jan-22,West Indies,Ireland,Ireland,2 wickets,Kingston
18-Jan-22,Sri Lanka,Zimbabwe,Zimbabwe,22 runs,Pallekele
19-Jan-22,South Africa,India,South Africa,31 runs,Paarl
21-Jan-22,Afghanistan,Netherlands,Afghanistan,36 runs,Doha
21-Jan-22,South Africa,India,South Africa,7 wickets,Paarl
21-Jan-22,Sri Lanka,Zimbabwe,Sri Lanka,184 runs,Pallekele
23-Jan-22,Afghanistan,Netherlands,Afghanistan,48 runs,Doha
23-Jan-22,South Africa,India,South Africa,4 runs,Cape Town
25-Jan-22,Afghanistan,Netherlands,Afghanistan,75 runs,Doha
05-Feb-22,Oman,U.A.E.,U.A.E.,4 wickets,Al Amerat
06-Feb-22,Oman,U.A.E.,U.A.E.,4 wickets,Al Amerat
06-Feb-22,India,West Indies,India,6 wickets,Ahmedabad
08-Feb-22,Oman,U.A.E.,tied,,Al Amerat
09-Feb-22,India,West Indies,India,44 runs,Ahmedabad
11-Feb-22,India,West Indies,India,96 runs,Ahmedabad
23-Feb-22,Bangladesh,Afghanistan,Bangladesh,4 wickets,Chattogram
25-Feb-22,Bangladesh,Afghanistan,Bangladesh,88 runs,Chattogram
28-Feb-22,Bangladesh,Afghanistan,Afghanistan,7 wickets,Chattogram
05-Mar-22,U.A.E.,Oman,Oman,12 runs,ICCA Dubai
06-Mar-22,Namibia,Oman,Namibia,110 runs,ICCA Dubai
08-Mar-22,U.A.E.,Namibia,U.A.E.,3 wickets,ICCA Dubai
09-Mar-22,U.A.E.,Oman,Oman,8 runs,ICCA Dubai
11-Mar-22,Namibia,Oman,Oman,7 wickets,Sharjah
12-Mar-22,U.A.E.,Namibia,U.A.E.,43 runs,Sharjah
14-Mar-22,Namibia,Oman,Namibia,5 wickets,Dubai (DSC)
15-Mar-22,U.A.E.,P.N.G.,U.A.E.,7 wickets,Sharjah
16-Mar-22,Nepal,P.N.G.,Nepal,2 wickets,Sharjah
18-Mar-22,U.A.E.,Nepal,U.A.E.,48 runs,Dubai (DSC)
18-Mar-22,South Africa,Bangladesh,Bangladesh,38 runs,Centurion
19-Mar-22,U.A.E.,P.N.G.,P.N.G.,6 wickets,Dubai (DSC)
20-Mar-22,South Africa,Bangladesh,South Africa,7 wickets,Johannesburg
21-Mar-22,U.A.E.,Nepal,U.A.E.,99 runs,Dubai (DSC)
22-Mar-22,Nepal,P.N.G.,Nepal,7 wickets,Dubai (DSC)
23-Mar-22,South Africa,Bangladesh,Bangladesh,9 wickets,Centurion
25-Mar-22,Nepal,P.N.G.,P.N.G.,6 runs,Kirtipur
26-Mar-22,Nepal,P.N.G.,P.N.G.,3 wickets,Kirtipur
29-Mar-22,New Zealand,Netherlands,New Zealand,7 wickets,Mount Maunganui
29-Mar-22,Pakistan,Australia,Australia,88 runs,Lahore
31-Mar-22,Pakistan,Australia,Pakistan,6 wickets,Lahore
02-Apr-22,New Zealand,Netherlands,New Zealand,118 runs,Hamilton
02-Apr-22,Pakistan,Australia,Pakistan,9 wickets,Lahore
04-Apr-22,New Zealand,Netherlands,New Zealand,115 runs,Hamilton
09-Apr-22,P.N.G.,Scotland,Scotland,162 runs,Dubai (DSC)
10-Apr-22,Oman,Scotland,Scotland,4 runs,Dubai (DSC)
12-Apr-22,Oman,P.N.G.,Oman,7 wickets,Dubai (DSC)
13-Apr-22,P.N.G.,Scotland,Scotland,123 runs,Dubai (DSC)
15-Apr-22,Oman,Scotland,Scotland,2 wickets,Dubai (DSC)
16-Apr-22,Oman,P.N.G.,Oman,85 runs,Dubai (DSC)
28-May-22,U.S.A.,Scotland,U.S.A.,104 runs,Pearland
29-May-22,U.S.A.,Scotland,Scotland,111 runs,Pearland
31-May-22,Netherlands,West Indies,West Indies,7 wickets,Amstelveen
31-May-22,Scotland,U.A.E.,Scotland,4 wickets,Pearland
01-Jun-22,U.S.A.,U.A.E.,U.S.A.,4 wickets,Pearland
02-Jun-22,Netherlands,West Indies,West Indies,5 wickets,Amstelveen
03-Jun-22,Scotland,U.A.E.,U.A.E.,5 wickets,Pearland
04-Jun-22,Zimbabwe,Afghanistan,Afghanistan,60 runs,Harare
04-Jun-22,Netherlands,West Indies,West Indies,20 runs,Amstelveen
04-Jun-22,U.S.A.,U.A.E.,U.A.E.,8 wickets,Pearland
06-Jun-22,Zimbabwe,Afghanistan,Afghanistan,8 wickets,Harare
08-Jun-22,Pakistan,West Indies,Pakistan,5 wickets,Multan
08-Jun-22,U.S.A.,Oman,U.S.A.,114 runs,Pearland
09-Jun-22,Zimbabwe,Afghanistan,Afghanistan,4 wickets,Harare
09-Jun-22,Nepal,Oman,Oman,13 runs,Pearland
10-Jun-22,Pakistan,West Indies,Pakistan,120 runs,Multan
11-Jun-22,U.S.A.,Nepal,tied,,Pearland
12-Jun-22,Pakistan,West Indies,Pakistan,53 runs,Multan
12-Jun-22,U.S.A.,Oman,Oman,13 runs,Pearland
14-Jun-22,Sri Lanka,Australia,Australia,2 wickets,Pallekele
14-Jun-22,Nepal,Oman,Nepal,7 wickets,Pearland
15-Jun-22,U.S.A.,Nepal,U.S.A.,39 runs,Pearland
16-Jun-22,Sri Lanka,Australia,Sri Lanka,26 runs,Pallekele
17-Jun-22,Netherlands,England,England,232 runs,Amstelveen
19-Jun-22,Netherlands,England,England,6 wickets,Amstelveen
19-Jun-22,Sri Lanka,Australia,Sri Lanka,6 wickets,Colombo (RPS)
21-Jun-22,Sri Lanka,Australia,Sri Lanka,4 runs,Colombo (RPS)
22-Jun-22,Netherlands,England,England,8 wickets,Amstelveen
24-Jun-22,Sri Lanka,Australia,Australia,4 wickets,Colombo (RPS)
10-Jul-22,Ireland,New Zealand,New Zealand,1 wicket,Dublin (Malahide)
10-Jul-22,Scotland,Namibia,Scotland,77 runs,Glasgow
10-Jul-22,West Indies,Bangladesh,Bangladesh,6 wickets,Providence
11-Jul-22,Namibia,Nepal,Namibia,40 runs,Ayr
12-Jul-22,Ireland,New Zealand,New Zealand,3 wickets,Dublin (Malahide)
12-Jul-22,England,India,India,10 wickets,The Oval
13-Jul-22,Scotland,Nepal,Nepal,5 wickets,Glasgow
13-Jul-22,West Indies,Bangladesh,Bangladesh,9 wickets,Providence
14-Jul-22,Scotland,Namibia,Scotland,3 wickets,Glasgow
14-Jul-22,England,India,England,100 runs,Lord's
15-Jul-22,Ireland,New Zealand,New Zealand,1 run,Dublin (Malahide)
16-Jul-22,Namibia,Nepal,Namibia,63 runs,Ayr
16-Jul-22,West Indies,Bangladesh,Bangladesh,4 wickets,Providence
17-Jul-22,Scotland,Nepal,Scotland,8 wickets,Glasgow
17-Jul-22,England,India,India,5 wickets,Manchester
19-Jul-22,England,South Africa,South Africa,62 runs,Chester-le-Street
22-Jul-22,England,South Africa,England,118 runs,Manchester
22-Jul-22,West Indies,India,India,3 runs,Port of Spain
24-Jul-22,England,South Africa,no result,,Leeds
24-Jul-22,West Indies,India,India,2 wickets,Port of Spain
27-Jul-22,West Indies,India,India,119 runs,Port of Spain
31-Jul-22,Scotland,New Zealand,New Zealand,7 wickets,Edinburgh
05-Aug-22,Zimbabwe,Bangladesh,Zimbabwe,5 wickets,Harare
07-Aug-22,Zimbabwe,Bangladesh,Zimbabwe,5 wickets,Harare
10-Aug-22,Zimbabwe,Bangladesh,Bangladesh,105 runs,Harare
10-Aug-22,Scotland,U.A.E.,Scotland,64 runs,Aberdeen
11-Aug-22,U.A.E.,U.S.A.,U.S.A.,1 wicket,Aberdeen
13-Aug-22,Scotland,U.S.A.,Scotland,5 wickets,Aberdeen
14-Aug-22,Scotland,U.A.E.,Scotland,86 runs,Aberdeen
16-Aug-22,Netherlands,Pakistan,Pakistan,16 runs,Rotterdam
17-Aug-22,Scotland,U.S.A.,U.S.A.,2 wickets,Aberdeen
17-Aug-22,West Indies,New Zealand,West Indies,5 wickets,Bridgetown
18-Aug-22,Zimbabwe,India,India,10 wickets,Harare
18-Aug-22,Netherlands,Pakistan,Pakistan,7 wickets,Rotterdam
19-Aug-22,West Indies,New Zealand,New Zealand,50 runs,Bridgetown
20-Aug-22,Zimbabwe,India,India,5 wickets,Harare
21-Aug-22,Netherlands,Pakistan,Pakistan,9 runs,Rotterdam
21-Aug-22,West Indies,New Zealand,New Zealand,5 wickets,Bridgetown
22-Aug-22,Zimbabwe,India,India,13 runs,Harare
28-Aug-22,Australia,Zimbabwe,Australia,5 wickets,Townsville
31-Aug-22,Australia,Zimbabwe,Australia,8 wickets,Townsville
03-Sep-22,Australia,Zimbabwe,Zimbabwe,3 wickets,Townsville
06-Sep-22,Australia,New Zealand,Australia,2 wickets,Cairns
08-Sep-22,Australia,New Zealand,Australia,113 runs,Cairns
11-Sep-22,P.N.G.,U.S.A.,tied,,Port Moresby
11-Sep-22,Australia,New Zealand,Australia,25 runs,Cairns
13-Sep-22,P.N.G.,U.S.A.,P.N.G.,26 runs,Port Moresby
15-Sep-22,Namibia,U.S.A.,Namibia,79 runs,Port Moresby
17-Sep-22,Namibia,U.S.A.,Namibia,68 runs,Port Moresby
20-Sep-22,P.N.G.,Namibia,Namibia,167 runs,Port Moresby
21-Sep-22,P.N.G.,Namibia,Namibia,61 runs,Port Moresby
06-Oct-22,India,South Africa,South Africa,9 runs,Lucknow
09-Oct-22,India,South Africa,India,7 wickets,Ranchi
11-Oct-22,India,South Africa,India,7 wickets,Delhi
14-Nov-22,Nepal,U.A.E.,U.A.E.,84 runs,Kirtipur
16-Nov-22,Nepal,U.A.E.,Nepal,3 wickets,Kirtipur
17-Nov-22,Australia,England,Australia,6 wickets,Adelaide
18-Nov-22,Nepal,U.A.E.,Nepal,6 wickets,Kirtipur
19-Nov-22,Australia,England,Australia,72 runs,Sydney
19-Nov-22,Namibia,P.N.G.,Namibia,8 wickets,Windhoek
20-Nov-22,Namibia,U.S.A.,U.S.A.,71 runs,Windhoek
22-Nov-22,Australia,England,Australia,221 runs,Melbourne
22-Nov-22,P.N.G.,U.S.A.,U.S.A.,6 wickets,Windhoek
23-Nov-22,Namibia,P.N.G.,Namibia,3 wickets,Windhoek
25-Nov-22,New Zealand,India,New Zealand,7 wickets,Auckland
25-Nov-22,P.N.G.,U.S.A.,U.S.A.,35 runs,Windhoek
25-Nov-22,Sri Lanka,Afghanistan,Afghanistan,60 runs,Pallekele
26-Nov-22,Namibia,U.S.A.,Namibia,6 wickets,Windhoek
27-Nov-22,New Zealand,India,no result,,Hamilton
27-Nov-22,Sri Lanka,Afghanistan,no result,,Pallekele
30-Nov-22,New Zealand,India,no result,,Christchurch
30-Nov-22,Sri Lanka,Afghanistan,Sri Lanka,4 wickets,Pallekele
01-Dec-22,Namibia,Scotland,Scotland,4 wickets,Windhoek
02-Dec-22,Namibia,Nepal,no result,,Windhoek
04-Dec-22,Bangladesh,India,Bangladesh,1 wicket,Mirpur
04-Dec-22,Nepal,Scotland,Scotland,3 wickets,Windhoek
05-Dec-22,Namibia,Scotland,Namibia,3 wickets,Windhoek
07-Dec-22,Bangladesh,India,Bangladesh,5 runs,Mirpur
07-Dec-22,Namibia,Nepal,Namibia,86 runs,Windhoek
08-Dec-22,Nepal,Scotland,Scotland,8 wickets,Windhoek
10-Dec-22,Bangladesh,India,India,227 runs,Chattogram
09-Jan-23,Pakistan,New Zealand,Pakistan,6 wickets,Karachi
10-Jan-23,India,Sri Lanka,India,67 runs,Guwahati
11-Jan-23,Pakistan,New Zealand,New Zealand,79 runs,Karachi
12-Jan-23,India,Sri Lanka,India,4 wickets,Eden Gardens
13-Jan-23,Pakistan,New Zealand,New Zealand,2 wickets,Karachi
15-Jan-23,India,Sri Lanka,India,317 runs,Thiruvananthapuram
18-Jan-23,Zimbabwe,Ireland,Zimbabwe,3 wickets,Harare
18-Jan-23,India,New Zealand,India,12 runs,Hyderabad
21-Jan-23,Zimbabwe,Ireland,Ireland,46 runs,Harare
21-Jan-23,India,New Zealand,India,8 wickets,Raipur
23-Jan-23,Zimbabwe,Ireland,no result,,Harare
24-Jan-23,India,New Zealand,India,90 runs,Indore
27-Jan-23,South Africa,England,South Africa,27 runs,Bloemfontein
29-Jan-23,South Africa,England,South Africa,5 wickets,Bloemfontein
01-Feb-23,South Africa,England,England,59 runs,Kimberley
14-Feb-23,Nepal,Namibia,Nepal,2 wickets,Kirtipur
15-Feb-23,Namibia,Scotland,Scotland,10 wickets,Kirtipur
17-Feb-23,Nepal,Scotland,Nepal,3 wickets,Kirtipur
18-Feb-23,Nepal,Namibia,Nepal,3 wickets,Kirtipur
20-Feb-23,Namibia,Scotland,Scotland,43 runs,Kirtipur
21-Feb-23,Nepal,Scotland,Nepal,2 wickets,Kirtipur
23-Feb-23,U.A.E.,Namibia,U.A.E.,1 wicket,Dubai (DSC)
25-Feb-23,U.A.E.,Namibia,Namibia,7 wickets,Dubai (DSC)
27-Feb-23,Nepal,P.N.G.,Nepal,4 wickets,Dubai (DSC)
28-Feb-23,U.A.E.,P.N.G.,P.N.G.,131 runs,Dubai (DSC)
01-Mar-23,Bangladesh,England,England,3 wickets,Mirpur
02-Mar-23,U.A.E.,Nepal,U.A.E.,68 runs,Dubai (DSC)
03-Mar-23,Nepal,P.N.G.,Nepal,3 wickets,Dubai (DSC)
03-Mar-23,Bangladesh,England,England,132 runs,Mirpur
05-Mar-23,U.A.E.,P.N.G.,P.N.G.,5 wickets,Dubai (DSC)
06-Mar-23,U.A.E.,Nepal,Nepal,42 runs,Dubai (DSC)
06-Mar-23,Bangladesh,England,Bangladesh,50 runs,Chattogram
09-Mar-23,Nepal,P.N.G.,Nepal,52 runs,Kirtipur
10-Mar-23,P.N.G.,U.A.E.,P.N.G.,56 runs,Kirtipur
12-Mar-23,Nepal,U.A.E.,Nepal,177 runs,Kirtipur
13-Mar-23,Nepal,P.N.G.,Nepal,9 wickets,Kirtipur
15-Mar-23,P.N.G.,U.A.E.,U.A.E.,6 wickets,Kirtipur
16-Mar-23,Nepal,U.A.E.,Nepal,9 runs,Kirtipur
17-Mar-23,India,Australia,India,5 wickets,Wankhede
18-Mar-23,Bangladesh,Ireland,Bangladesh,183 runs,Sylhet
18-Mar-23,South Africa,West Indies,West Indies,48 runs,East London
19-Mar-23,India,Australia,Australia,10 wickets,Visakhapatnam
20-Mar-23,Bangladesh,Ireland,no result,,Sylhet
21-Mar-23,Zimbabwe,Netherlands,Netherlands,3 wickets,Harare
21-Mar-23,South Africa,West Indies,South Africa,4 wickets,Potchefstroom
22-Mar-23,India,Australia,Australia,21 runs,Chennai
23-Mar-23,Zimbabwe,Netherlands,Zimbabwe,1 run,Harare
23-Mar-23,Bangladesh,Ireland,Bangladesh,10 wickets,Sylhet
25-Mar-23,New Zealand,Sri Lanka,New Zealand,198 runs,Auckland
25-Mar-23,Zimbabwe,Netherlands,Zimbabwe,7 wickets,Harare
26-Mar-23,Namibia,U.S.A.,U.S.A.,80 runs,Windhoek
27-Mar-23,P.N.G.,U.A.E.,U.A.E.,21 runs,Windhoek
27-Mar-23,Canada,Jersey,Canada,31 runs,Windhoek
29-Mar-23,Canada,U.S.A.,Canada,26 runs,Windhoek
29-Mar-23,Namibia,P.N.G.,Namibia,48 runs,Windhoek
30-Mar-23,Namibia,Jersey,Namibia,8 wickets,Windhoek
30-Mar-23,U.A.E.,U.S.A.,U.S.A.,5 wickets,Windhoek
31-Mar-23,New Zealand,Sri Lanka,New Zealand,6 wickets,Hamilton
31-Mar-23,South Africa,Netherlands,South Africa,8 wickets,Benoni
01-Apr-23,Canada,U.A.E.,U.A.E.,6 wickets,Windhoek
01-Apr-23,Jersey,P.N.G.,Jersey,11 runs,Windhoek
02-Apr-23,P.N.G.,U.S.A.,U.S.A.,117 runs,Windhoek
02-Apr-23,Namibia,U.A.E.,U.A.E.,28 runs,Windhoek
02-Apr-23,South Africa,Netherlands,South Africa,146 runs,Johannesburg
04-Apr-23,Namibia,Canada,Namibia,111 runs,Windhoek
04-Apr-23,Jersey,U.S.A.,U.S.A.,25 runs,Windhoek
05-Apr-23,Jersey,U.A.E.,U.A.E.,66 runs,Windhoek
05-Apr-23,Canada,P.N.G.,Canada,90 runs,Windhoek
21-Apr-23,Nepal,Oman,Nepal,84 runs,Kirtipur
27-Apr-23,Pakistan,New Zealand,Pakistan,5 wickets,Rawalpindi
29-Apr-23,Oman,U.A.E.,U.A.E.,2 runs,Mulpani
29-Apr-23,Pakistan,New Zealand,Pakistan,7 wickets,Rawalpindi
01-May-23,Nepal,U.A.E.,Nepal,7 wickets,Kirtipur
03-May-23,Pakistan,New Zealand,Pakistan,26 runs,Karachi
05-May-23,Pakistan,New Zealand,Pakistan,102 runs,Karachi
07-May-23,Pakistan,New Zealand,New Zealand,47 runs,Karachi
09-May-23,Bangladesh,Ireland,no result,,Chelmsford
12-May-23,Bangladesh,Ireland,Bangladesh,3 wickets,Chelmsford
14-May-23,Bangladesh,Ireland,Bangladesh,5 runs,Chelmsford
02-Jun-23,Sri Lanka,Afghanistan,Afghanistan,6 wickets,Hambantota
04-Jun-23,Sri Lanka,Afghanistan,Sri Lanka,132 runs,Hambantota
04-Jun-23,U.A.E.,West Indies,West Indies,7 wickets,Sharjah
06-Jun-23,U.A.E.,West Indies,West Indies,78 runs,Sharjah
07-Jun-23,Sri Lanka,Afghanistan,Sri Lanka,9 wickets,Hambantota
09-Jun-23,U.A.E.,West Indies,West Indies,4 wickets,Sharjah
18-Jun-23,Zimbabwe,Nepal,Zimbabwe,8 wickets,Harare
18-Jun-23,U.S.A.,West Indies,West Indies,39 runs,Harare
19-Jun-23,Sri Lanka,U.A.E.,Sri Lanka,175 runs,Bulawayo
19-Jun-23,Ireland,Oman,Oman,5 wickets,Bulawayo
20-Jun-23,Zimbabwe,Netherlands,Zimbabwe,6 wickets,Harare
20-Jun-23,Nepal,U.S.A.,Nepal,6 wickets,Harare
21-Jun-23,Ireland,Scotland,Scotland,1 wicket,Bulawayo
21-Jun-23,Oman,U.A.E.,Oman,5 wickets,Bulawayo
22-Jun-23,Nepal,West Indies,West Indies,101 runs,Harare
22-Jun-23,Netherlands,U.S.A.,Netherlands,5 wickets,Harare
23-Jun-23,Oman,Sri Lanka,Sri Lanka,10 wickets,Bulawayo
23-Jun-23,Scotland,U.A.E.,Scotland,111 runs,Bulawayo
24-Jun-23,Zimbabwe,West Indies,Zimbabwe,35 runs,Harare
24-Jun-23,Nepal,Netherlands,Netherlands,7 wickets,Harare
25-Jun-23,Ireland,Sri Lanka,Sri Lanka,133 runs,Bulawayo
25-Jun-23,Oman,Scotland,Scotland,76 runs,Bulawayo
26-Jun-23,Zimbabwe,U.S.A.,Zimbabwe,304 runs,Harare
26-Jun-23,Netherlands,West Indies,tied,,Harare
27-Jun-23,Scotland,Sri Lanka,Sri Lanka,82 runs,Bulawayo
27-Jun-23,Ireland,U.A.E.,Ireland,138 runs,Bulawayo
29-Jun-23,Zimbabwe,Oman,Zimbabwe,14 runs,Bulawayo
30-Jun-23,Netherlands,Sri Lanka,Sri Lanka,21 runs,Bulawayo
30-Jun-23,Ireland,U.S.A.,Ireland,6 wickets,Harare
01-Jul-23,Scotland,West Indies,Scotland,7 wickets,Harare
02-Jul-23,Zimbabwe,Sri Lanka,Sri Lanka,9 wickets,Bulawayo
02-Jul-23,Nepal,U.A.E.,Nepal,3 wickets,Harare
03-Jul-23,Netherlands,Oman,Netherlands,74 runs,Harare
04-Jul-23,Zimbabwe,Scotland,Scotland,31 runs,Bulawayo
04-Jul-23,Ireland,Nepal,Ireland,2 wickets,Harare
05-Jul-23,Oman,West Indies,West Indies,7 wickets,Harare
05-Jul-23,Bangladesh,Afghanistan,Afghanistan,17 runs,Chattogram
06-Jul-23,Netherlands,Scotland,Netherlands,4 wickets,Bulawayo
06-Jul-23,U.A.E.,U.S.A.,U.A.E.,1 run,Harare
07-Jul-23,Sri Lanka,West Indies,Sri Lanka,8 wickets,Harare
08-Jul-23,Bangladesh,Afghanistan,Afghanistan,142 runs,Chattogram
09-Jul-23,Netherlands,Sri Lanka,Sri Lanka,128 runs,Harare
11-Jul-23,Bangladesh,Afghanistan,Bangladesh,7 wickets,Chattogram
27-Jul-23,West Indies,India,India,5 wickets,Bridgetown
29-Jul-23,West Indies,India,West Indies,6 wickets,Bridgetown
01-Aug-23,West Indies,India,India,200 runs,Tarouba
22-Aug-23,Afghanistan,Pakistan,Pakistan,142 runs,Hambantota
24-Aug-23,Afghanistan,Pakistan,Pakistan,1 wicket,Hambantota
26-Aug-23,Afghanistan,Pakistan,Pakistan,59 runs,Colombo (RPS)
30-Aug-23,Pakistan,Nepal,Pakistan,238 runs,Multan
31-Aug-23,Sri Lanka,Bangladesh,Sri Lanka,5 wickets,Pallekele
02-Sep-23,India,Pakistan,no result,,Pallekele
03-Sep-23,Afghanistan,Bangladesh,Bangladesh,89 runs,Lahore
04-Sep-23,India,Nepal,India,10 wickets,Pallekele
05-Sep-23,Afghanistan,Sri Lanka,Sri Lanka,2 runs,Lahore
06-Sep-23,Pakistan,Bangladesh,Pakistan,7 wickets,Lahore
07-Sep-23,South Africa,Australia,Australia,3 wickets,Bloemfontein
08-Sep-23,England,New Zealand,New Zealand,8 wickets,Cardiff
09-Sep-23,Sri Lanka,Bangladesh,Sri Lanka,21 runs,Colombo (RPS)
09-Sep-23,South Africa,Australia,Australia,123 runs,Bloemfontein
10-Sep-23,India,Pakistan,India,228 runs,Colombo (RPS)
10-Sep-23,England,New Zealand,England,79 runs,Southampton
12-Sep-23,Sri Lanka,India,India,41 runs,Colombo (RPS)
12-Sep-23,South Africa,Australia,South Africa,111 runs,Potchefstroom
13-Sep-23,England,New Zealand,England,181 runs,The Oval
14-Sep-23,Sri Lanka,Pakistan,Sri Lanka,2 wickets,Colombo (RPS)
15-Sep-23,Bangladesh,India,Bangladesh,6 runs,Colombo (RPS)
15-Sep-23,South Africa,Australia,South Africa,164 runs,Centurion
15-Sep-23,England,New Zealand,England,100 runs,Lord's
17-Sep-23,South Africa,Australia,South Africa,122 runs,Johannesburg
17-Sep-23,Sri Lanka,India,India,10 wickets,Colombo (RPS)
21-Sep-23,Bangladesh,New Zealand,no result,,Mirpur
22-Sep-23,India,Australia,India,5 wickets,Mohali
23-Sep-23,Bangladesh,New Zealand,New Zealand,86 runs,Mirpur
23-Sep-23,England,Ireland,England,48 runs,Nottingham
24-Sep-23,India,Australia,India,99 runs,Indore
26-Sep-23,Bangladesh,New Zealand,New Zealand,7 wickets,Mirpur
26-Sep-23,England,Ireland,no result,,Bristol
27-Sep-23,India,Australia,Australia,66 runs,Rajkot
